iter	Logloss
0	0.2294588634
1	0.1293974331
2	0.07705620357
3	0.06210767201
4	0.04595652648
5	0.0399041857
6	0.03064336096
7	0.02364917823
8	0.01853408473
9	0.01536622388
